{
  "calosor.jpg": 1499.263693206478,
  "GONGORA.jpg": 1501.4358728782763,
  "SORIANO.jpg": 1530.5304984710244,
  "BAUTISTA.jpg": 1468.736306793522,
  "PANGANIBAN.jpg": 1500,
  "MARANON.jpg": 1500,
  "ICAWAT.jpg": 1532,
  "AMLOG.jpg": 1500.736306793522,
  "PUNAY.jpg": 1531.263693206478,
  "DANIEL.jpg": 1500,
  "ASIS.jpg": 1499.9676502352856,
  "ALAJAR.jpg": 1468,
  "FIEL.jpg": 1499.1980438415374,
  "DUYAG.jpg": 1469.4387739660467,
  "OCAMPO.jpg": 1532,
  "MARAAN.jpg": 1469.4695015289756,
  "CLARIZA.jpg": 1531.3298825921897,
  "CAMPO.jpg": 1500.0338330211207,
  "GOMEZ.jpg": 1497.8278203282016,
  "DENLOS.jpg": 1500.768123137342,
  "duffield.jpg": 1484,
  "PEREZ.jpg": 1500,
  "PANOPIO.jpg": 1468
}